{"gradnorm":[26.158760507512767,35.68497469294627,26.534296953357934,62.52877422305542,24.566316111590293,40.294475436236304,57.26923104031016,45.31207156575369,21.301185376244376,22.84962871375111,39.37437166603476,57.65772704086543,32.05843710565637,31.086473049828225,23.372497409671645],"step":[9.14305443832671,5.532397350942534,5.431278597263285,3.667287762163343,4.040156363731987,3.784275575075324,3.7917849028764636,2.8669732480037182,3.3966217143832225,2.928950616955774,2.7194013189415123,2.241553130523312,2.7326806366942646,2.3196778778549865,2.484245985903577],"obj":[21325.013404994133,20357.830354552098,20003.644264185146,23692.934521647894,17703.17953981168,21140.085897487792,18549.242272319927,20862.498737569982,17933.54762448166,20506.04732002318,19912.977534179117,20274.560251591905,19238.928357525452,20217.124275771665,19530.505367993243],"iter":[1,2,3,4,5,6,7,8,9,10,11,12,13,14,15]}