{"instance":"capreg_l20u95","topology":"6x6","lb":[1435.3065056506439,16494.4050981157,18292.000666027358,18889.87948078007,19750.04441012297,20633.376323384742,20819.25396877598,20893.483941259292,21034.496117823153,21110.640045499396,21180.370102857112,21209.87719765271,21238.890084485847,21269.082403635355,21285.19338220187,21296.77953911594],"ub":[34949.32200770966,21849.419916141345,21802.03371201438,21788.558115489814,21791.019883866884,21800.11409741932,21808.388773537168,21800.173580246585,21791.671894517123,21788.268671255744,21794.466593224715,21771.67754513255,21781.217724384227,21779.06059410296,21772.074217949157,21774.397745082624],"se":[449.8042024662689,584.3803325284298,583.673651906831,583.5049853947598,583.5075264744711,583.4512078954829,583.2819255105276,583.2892827378045,583.5724341967102,583.6659621811525,583.4824599636798,584.0798626654745,583.7868658102618,583.868214499598,584.0681441514394,584.0237972596807],"rho_cross":0.0,"noob":300,"tau":12,"iters":[2,5,10,15,20,30,40,50,65,80,100,125,150,200,250,300]}